metric,value
R^2,0.972328817626072
MSE,5774.117096272835
